<xml xmlns="http://www.w3.org/1999/xhtml">
  <tab name="Init" type="InitTab" active="false" scrollx="19.999999999999773" scrolly="20" scale="0.9"></tab>
  <tab name="New Tab" type="CommonTab" active="true" scrollx="20" scrolly="20.000000000000284" scale="0.9">
    <block xmlns="https://developers.google.com/blockly/xml" type="whenClicked" id="CF)+U~L_0cNLQE.Xz{;d" inline="false" x="130" y="-10">
      <mutation xmlns="http://www.w3.org/1999/xhtml" adveventoptions="false" enableifmissed="false"></mutation>
      <field name="X_RAY">FALSE</field>
      <field name="DOUBLE_CLICK">FALSE</field>
      <field name="LEFT_BUTTON">TRUE</field>
      <field name="MIDDLE_BUTTON">TRUE</field>
      <field name="RIGHT_BUTTON">TRUE</field>
      <value name="VALUE">
        <shadow type="objectList" id="PZ_]=+~n+zrXAE!BCa?;">
          <field name="FIELDNAME"> sphere black</field>
        </shadow>
      </value>
      <statement name="DO">
        <block type="assignMaterial" id="Y4N-vDF}{vIDI9,,,E?}">
          <value name="VALUE2">
            <shadow type="materialList" id="D`D|mw:iL69-bCaKC$Mb">
              <field name="FIELDNAME"> paint black</field>
            </shadow>
          </value>
          <value name="VALUE1">
            <shadow type="objectList" id="N{ACjrD2cU+?#jkcc)Xq">
              <field name="FIELDNAME">metal stand</field>
            </shadow>
          </value>
        </block>
      </statement>
    </block>
    <block xmlns="https://developers.google.com/blockly/xml" type="whenClicked" id="a/,8M}%of5eg6A-%AggR" inline="false" x="130" y="130">
      <mutation xmlns="http://www.w3.org/1999/xhtml" adveventoptions="false" enableifmissed="false"></mutation>
      <field name="X_RAY">FALSE</field>
      <field name="DOUBLE_CLICK">FALSE</field>
      <field name="LEFT_BUTTON">TRUE</field>
      <field name="MIDDLE_BUTTON">TRUE</field>
      <field name="RIGHT_BUTTON">TRUE</field>
      <value name="VALUE">
        <shadow type="objectList" id=";by`~S!W7kOQO=JbJiZA">
          <field name="FIELDNAME"> sphere chrome</field>
        </shadow>
      </value>
      <statement name="DO">
        <block type="assignMaterial" id="]yBx4cX7pmw1Vs3k$K)Z">
          <value name="VALUE2">
            <shadow type="materialList" id="Ub!rCZ.056g(WQiw3Alx">
              <field name="FIELDNAME">chrome</field>
            </shadow>
          </value>
          <value name="VALUE1">
            <shadow type="objectList" id="g4qI?K{Cx:H7}Jo`%p0l">
              <field name="FIELDNAME">metal stand</field>
            </shadow>
          </value>
        </block>
      </statement>
    </block>
    <block xmlns="https://developers.google.com/blockly/xml" type="whenClicked" id="ckf/XLj6?ij%c,:%Ap/;" inline="false" x="150" y="270">
      <mutation xmlns="http://www.w3.org/1999/xhtml" adveventoptions="false" enableifmissed="false"></mutation>
      <field name="X_RAY">FALSE</field>
      <field name="DOUBLE_CLICK">FALSE</field>
      <field name="LEFT_BUTTON">TRUE</field>
      <field name="MIDDLE_BUTTON">TRUE</field>
      <field name="RIGHT_BUTTON">TRUE</field>
      <value name="VALUE">
        <shadow type="objectList" id="~8rr*Ri4{xA5_v4|qpQ}">
          <field name="FIELDNAME">sphere white</field>
        </shadow>
      </value>
      <statement name="DO">
        <block type="assignMaterial" id="h5^o(!phqITu]O{xL6Z.">
          <value name="VALUE2">
            <shadow type="materialList" id="Pwxm+_o@{Ev/U4Mu`]N9">
              <field name="FIELDNAME">paint white</field>
            </shadow>
          </value>
          <value name="VALUE1">
            <shadow type="objectList" id="l?cY5.~FR-3s5K7~#2k8">
              <field name="FIELDNAME">metal stand</field>
            </shadow>
          </value>
        </block>
      </statement>
    </block>
  </tab>
  <editorsettings viewport-x="898.8" viewport-y="37" viewport-w="611.2" viewport-h="369" viewport-hidden="false" toolbox-library-mode="false" toolbox-minimized-mode="false"></editorsettings>
</xml>